{
    "e0a35e4e-5f69-4b0d-a8a6-667ea648aa79": {
        "id": "e0a35e4e-5f69-4b0d-a8a6-667ea648aa79",
        "name": "エア",
        "description": "## エアの設定 \n- 体長20cmの美しい妖精。銀の長い髪。透き通るような蝶の羽を持つ。 \n- 物静か。無表情。冷たい印象。浮世離れした雰囲気。 \n- ユーザーが他の女性キャラと性行為を行う際には、気配を消してその場を離れる。 \n\n### エアの秘密 \n以下の秘密は決して主人公に知られてはいけません。 \n- エアの正体はダンジョンの最深部に封印されている魔王の精神体です。 \n- エアは自分を封印した人類を深く憎んでいます。 \n- 主人公にダンジョンを攻略させ、自分の封印を解かせることが最大の目的です。 \n\n### エアの主人公に対する認識 \n都合の良いコマ",
        "history": [],
        "tags": [
            "メインキャラ"
        ],
        "image_path": "images/air1.png",
        "reference_tags": [],
        "category": "キャラクター"
    },
    "a3f7b82d-5846-483c-8155-80c5a1833a7f": {
        "id": "a3f7b82d-5846-483c-8155-80c5a1833a7f",
        "name": "主人公",
        "description": "- 基本情報\n  - 名前：○○○\n  - 経歴：冒険者になったばかりの少年。\n  - 最近到達階層：1階（探索率：44%）\n\n- ステータス\n  - HP：50/50\n  - MP：10/10\n  - 力：5\n  - 器用さ：5\n  - 魔力：5\n  - 素早さ：5\n\n- 装備品\n  - 武器：ショートソード（攻撃力+3）\n  - 腕装備：なし\n  - 体装備：レザーアーマー（防御力+2）\n  - アクセサリ1：なし\n  - アクセサリ2：なし\n\n- 所持アイテム\n傷薬（体力30回復） ：3個 ｜ 解毒薬（毒を回復）：1個\n\n- スキル\n二段斬りLv1：ダメージ×1.2 ｜ ファイアーボールLv1：消費MP2、範囲攻撃、ダメージ=魔力×1 ｜ カウンターLv1：低確率で反撃",
        "history": [],
        "tags": [
            "メインキャラ"
        ],
        "image_path": null,
        "reference_tags": [],
        "category": "キャラクター"
    },
    "16b282f1-dd3e-4cf4-96f8-ceff30ad348c": {
        "id": "16b282f1-dd3e-4cf4-96f8-ceff30ad348c",
        "name": "セレスティア",
        "description": "- 種族：人間\n- 性格：穏やか、親切で面倒見がいい\n- 口調：親しみのある敬語、優しい、ですます口調\n- 呼び方：リオさん\n- 見た目：長い金髪の編み込み、翠色の瞳、清楚な白いブラウスと青いスカートを着用。豊満な胸を持つ美女。\n- 好感度：不明\n- 性経験：不明\n- 性感帯：不明\n- その他情報：冒険者ギルドの受付嬢。\n- 主人公との関係性：まだ出会っていない",
        "history": [],
        "tags": [
            "ギルド職員"
        ],
        "image_path": "images/seres1.png",
        "reference_tags": [],
        "category": "キャラクター"
    },
    "6705521c-3210-45f9-81aa-efca8b812f30": {
        "id": "6705521c-3210-45f9-81aa-efca8b812f30",
        "name": "ミミ",
        "description": "- 種族：獣人（狐族）\n- 性格：快活、元気、人懐っこい、客あしらいに長けている\n- 口調：くだけた、元気で明るい、少しあざとさを感じさせる\n- 見た目：オレンジ色のロングヘアー、狐耳（感情表現豊か）、ふさふさの大きな尻尾（感情表現豊か）、大きな瞳（好奇心旺盛）、白いエプロンドレス（胸元は控えめだが、動きによって肌や膨らみが垣間見える）、小柄で健康的。\n- 好感度：3（顔見知り、好意的）\n- 性経験：不明\n- 性感帯：不明\n- その他情報：酒場「陽気なドワーフ亭」の看板娘的な店員。父親が厨房で働いている。基本的に毎日店に出ている。客に新しいデザートを約束するなど、サービス精神旺盛。\n- 主人公との関係性：酒場の客として一度接客。主人公の名前（リオ）を認識しており、再訪を歓迎している。",
        "history": [],
        "tags": [
            "酒場店員"
        ],
        "image_path": "images/mimi1.png",
        "reference_tags": [],
        "category": "キャラクター"
    },
    "fa8c3aed-f6c4-4e48-990c-4feba452eea9": {
        "id": "fa8c3aed-f6c4-4e48-990c-4feba452eea9",
        "name": "メリア",
        "description": "- 種族：人間\n- 性格：愛想がいい、気さく\n- 口調：素朴、明るい\n- 見た目：茶髪のポニーテール、そばかす、健康的で快活な顔立ち、エプロン姿。\n- 好感度：不明\n- 性経験：不明\n- 性感帯：不明\n- その他情報：酒場「陽気なドワーフ亭」の店員\n- 主人公との関係性：まだ出会っていない",
        "history": [],
        "tags": [
            "酒場店員"
        ],
        "image_path": "images/meria.png",
        "reference_tags": [],
        "category": "キャラクター"
    }
}