{
    "12be667c-7ef0-4033-96d7-3a8fad49fecc": {
        "id": "12be667c-7ef0-4033-96d7-3a8fad49fecc",
        "name": "モンスター",
        "description": "ダンジョンで出会ったモンスターの情報",
        "history": [
            {
                "id": "f2d2a89c-a2f2-43bf-9ce9-92ced956b231",
                "timestamp": "2025-05-22 01:13:49",
                "entry": "ダンジョン1階層のモンスター\n- ゴブリン Lv.1 | HP:15 | MP:0 | 力:5 | 器:4 | 魔:2 | 速:5 | スキル:殴りつけ | 通常ドロップ:ゴブリンの耳 | レアドロップ:不明\n- ジャイアントバット Lv.2 | HP:20 | MP:0 | 力:6 | 器:7 | 魔:2 | 速:8 | スキル:噛みつき、吸血 | 通常ドロップ:コウモリの羽| レアドロップ:不明\n- ゴブリンメイジ Lv.3 | HP:20 | MP:15 | 力:4 | 器:5 | 魔:8 | 速:6 | スキル:ファイアボルト、ヒール | 通常ドロップ:魔力の石(小)| レアドロップ:不明\n- スケルトン Lv.2 | HP:25 | MP:0 | 力:7 | 器:3 | 魔:1 | 速:4 | スキル:斬りつけ | 通常ドロップ:骨片 | レアドロップ:錆びた剣"
            }
        ],
        "tags": [
            "ダンジョン"
        ],
        "image_path": null,
        "reference_tags": [],
        "category": "ダンジョン情報"
    }
}